method,pair,window_start,window_end,entry_time,exit_time,side,beta,w_a,w_b,qty_a,qty_b,entry_price_a,entry_price_b,exit_price_a,exit_price_b,fee,pnl,pnl_pct,capital_per_leg,bars_held
SDR,BTC_USDT_USDT-ETH_USDT_USDT,2025-01-01 12:15:00+00:00,2025-01-02 04:55:00+00:00,2025-01-01 20:35:00+00:00,2025-01-02 04:55:00+00:00,shortA_longB,10.0,0.5398491487740663,0.46015085122593363,0.004878707222514952,0.013677345244352598,95803.27936999999,3417.301696,96805.37956999999,3477.257691,0.31019415735995637,-4.3791087976999625,-0.4379108797699962,1000.0,100
SDR,ETC_USDT_USDT-SUI_USDT_USDT,2025-01-02 16:50:00+00:00,2025-01-03 09:30:00+00:00,2025-01-03 01:10:00+00:00,2025-01-03 09:30:00+00:00,shortA_longB,1.721644973807905,0.5072950623033384,0.4927049376966616,18.376970866080526,66.888841586047,27.102710000000002,4.32503246,28.356835399999998,4.67916787,0.4864376938632817,0.15424370742498034,0.015424370742498033,1000.0,100
SDR,AAVE_USDT_USDT-BCH_USDT_USDT,2025-01-02 22:00:00+00:00,2025-01-03 14:40:00+00:00,2025-01-03 14:10:00+00:00,2025-01-03 14:40:00+00:00,shortA_longB,1.9491628827573475,0.3730683931853198,0.6269316068146801,1.533264647035538,0.5861688440083695,352.745271,473.37733299999996,351.245121,473.787374,0.4903806063882018,2.0500996128282463,0.20500996128282462,1000.0,6
SDR,AVAX_USDT_USDT-WLD_USDT_USDT,2025-01-03 04:20:00+00:00,2025-01-03 21:00:00+00:00,2025-01-03 17:50:00+00:00,2025-01-03 21:00:00+00:00,shortA_longB,8.678654127690624,0.5680597569542623,0.43194024304573775,10.588838819915527,21.57707087646594,42.1202116,2.38173815,41.7951791,2.38833881,0.2974472505853966,3.2866924118002427,0.3286692411800243,1000.0,38
SDR,TON_USDT_USDT-TRX_USDT_USDT,2025-01-03 10:25:00+00:00,2025-01-04 03:05:00+00:00,2025-01-03 23:35:00+00:00,2025-01-04 03:05:00+00:00,shortA_longB,10.0,0.3841779846517498,0.6158220153482503,102.19335270018277,221.13709764750814,5.81998194,0.268956893,5.75677562,0.267746772,0.3905258277685403,5.801137279129779,0.5801137279129779,1000.0,42
SDR,AVAX_USDT_USDT-LINK_USDT_USDT,2025-01-03 23:10:00+00:00,2025-01-04 15:50:00+00:00,2025-01-04 07:30:00+00:00,2025-01-04 15:50:00+00:00,longA_shortB,0.6679575153322395,0.5598543143150445,0.44014568568495543,12.438981536951282,32.963924182280884,41.154115,23.2493247,42.628262400000004,23.5933591,0.7758858368634723,6.220282576784796,0.6220282576784796,1000.0,100
SDR,DOGE_USDT_USDT-DOT_USDT_USDT,2025-01-04 20:00:00+00:00,2025-01-05 12:40:00+00:00,2025-01-05 09:30:00+00:00,2025-01-05 12:40:00+00:00,longA_shortB,0.1,0.5367898002567683,0.4632101997432318,1387.051187759825,697.1560448382737,0.38217821399999996,7.603760299999999,0.38078807499999995,7.5787578,3.4928572699978973,12.009592789969332,1.2009592789969332,1000.0,38
SDR,DOGE_USDT_USDT-XLM_USDT_USDT,2025-01-05 04:05:00+00:00,2025-01-05 20:45:00+00:00,2025-01-05 18:05:00+00:00,2025-01-05 20:45:00+00:00,shortA_longB,0.23074352471877635,0.5675793276012964,0.4324206723987036,1401.8646057682715,5237.102431566837,0.386798676,0.448714867,0.387148711,0.450325028,1.7380000406226697,6.2038763704113595,0.620387637041136,1000.0,32
SDR,AAVE_USDT_USDT-UNI_USDT_USDT,2025-01-05 19:05:00+00:00,2025-01-06 11:45:00+00:00,2025-01-06 03:25:00+00:00,2025-01-06 11:45:00+00:00,shortA_longB,10.0,0.5923246544825229,0.40767534551747714,1.2392887097031569,2.8198737918546284,342.504247,15.0525051,345.994596,15.176517500000001,0.28154726140701225,-4.257398053405694,-0.4257398053405695,1000.0,100
SDR,ETH_USDT_USDT-SUI_USDT_USDT,2025-01-06 19:25:00+00:00,2025-01-07 12:05:00+00:00,2025-01-07 03:45:00+00:00,2025-01-07 12:05:00+00:00,longA_shortB,10.0,0.6722280195794321,0.3277719804205679,0.0987582030097972,7.019692677717437,3636.013565,5.11541149,3390.098976,4.9374937,0.2293363660937372,-23.26649106192791,-2.3266491061927908,1000.0,100
SDR,ADA_USDT_USDT-XLM_USDT_USDT,2025-01-07 10:05:00+00:00,2025-01-08 02:45:00+00:00,2025-01-07 18:25:00+00:00,2025-01-08 02:45:00+00:00,longA_shortB,3.5248620856779422,0.5527342321544457,0.44726576784555433,464.53487356119507,304.7605431204612,1.0130012899999998,0.438053801,0.9942994199999999,0.429562952,0.3590629603151514,-6.459058023329179,-0.6459058023329179,1000.0,100
SDR,HBAR_USDT_USDT-ONDO_USDT_USDT,2025-01-07 22:40:00+00:00,2025-01-08 15:20:00+00:00,2025-01-08 07:00:00+00:00,2025-01-08 15:20:00+00:00,shortA_longB,0.16730399461300288,0.5391021734404484,0.4608978265595516,1870.64798287576,2460.4070083287825,0.282198217,1.28242823,0.285158513,1.30493048,2.228184067707001,47.59883779434371,4.759883779434371,1000.0,100
SDR,LINK_USDT_USDT-ZEC_USDT_USDT,2025-01-08 02:15:00+00:00,2025-01-08 18:55:00+00:00,2025-01-08 17:50:00+00:00,2025-01-08 18:55:00+00:00,longA_shortB,0.3325229044843714,0.49687988429898033,0.5031201157010197,24.32937549343009,29.597270879150184,20.4870485,50.645064,20.363036100000002,50.195018999999995,1.1935344897596318,9.109425037606197,0.9109425037606197,1000.0,13
SDR,APT_USDT_USDT-NEAR_USDT_USDT,2025-01-09 15:40:00+00:00,2025-01-10 08:20:00+00:00,2025-01-10 00:00:00+00:00,2025-01-10 08:20:00+00:00,shortA_longB,1.7679623004639033,0.4802529976671604,0.5197470023328397,56.068978513597784,55.85810367667586,9.01530144,5.1185118,8.86668658,4.9624961999999995,0.4697192376309575,-0.8517714054684311,-0.08517714054684311,1000.0,100
SDR,DOGE_USDT_USDT-SOL_USDT_USDT,2025-01-10 12:50:00+00:00,2025-01-11 05:30:00+00:00,2025-01-11 01:50:00+00:00,2025-01-11 05:30:00+00:00,shortA_longB,0.1,0.6062523710288396,0.3937476289711605,1757.3740697932153,31.722976789591588,0.333983395,185.0185,0.33476347300000003,186.31863,3.886547268354654,35.98655769548164,3.598655769548164,1000.0,44
SDR,BTC_USDT_USDT-XMR_USDT_USDT,2025-01-11 00:50:00+00:00,2025-01-11 17:30:00+00:00,2025-01-11 09:10:00+00:00,2025-01-11 17:30:00+00:00,longA_shortB,10.0,0.7078933524369745,0.2921066475630255,0.0035073598153143298,0.16737997344734912,94060.90515,197.09970800000002,94422.84134,199.239922,0.21822589050733543,0.69298559551497,0.069298559551497,1000.0,100
SDR,AAVE_USDT_USDT-APT_USDT_USDT,2025-01-11 15:15:00+00:00,2025-01-12 07:55:00+00:00,2025-01-12 05:50:00+00:00,2025-01-12 07:55:00+00:00,shortA_longB,3.3145209026166285,0.4468255378654838,0.5531744621345162,1.7924653043638898,17.770625818899177,294.85948299999995,8.973097220000001,293.769374,9.07440735,0.4127436761994649,3.3415832961692185,0.3341583296169218,1000.0,25
SDR,SOL_USDT_USDT-ZEC_USDT_USDT,2025-01-12 08:20:00+00:00,2025-01-13 01:00:00+00:00,2025-01-12 16:40:00+00:00,2025-01-13 01:00:00+00:00,longA_shortB,3.4126870621472913,0.5239792167698465,0.4760207832301536,2.549169574038734,2.9107536233133042,190.99909799999998,49.014900999999995,180.738072,45.804579999999994,0.36708516935541036,-17.179726964226955,-1.7179726964226956,1000.0,100
SDR,ADA_USDT_USDT-POL_USDT_USDT,2025-01-12 15:10:00+00:00,2025-01-13 07:50:00+00:00,2025-01-13 04:00:00+00:00,2025-01-13 07:50:00+00:00,longA_shortB,2.102373916204314,0.4802873356162897,0.5197126643837101,561.4106895049326,578.5781362674113,0.9030903,0.416811677,0.9252925200000001,0.429872983,0.4549040676732539,4.452673488368626,0.44526734883686264,1000.0,46
SDR,AVAX_USDT_USDT-NEAR_USDT_USDT,2025-01-13 04:05:00+00:00,2025-01-13 20:45:00+00:00,2025-01-13 19:40:00+00:00,2025-01-13 20:45:00+00:00,longA_shortB,6.808455958652669,0.5122405148764592,0.4877594851235409,13.948836149537772,15.142517494868025,35.1925189,4.7614761,35.496549300000005,4.797479699999999,0.3392330655958414,3.3564520256044,0.33564520256044,1000.0,13
SDR,ADA_USDT_USDT-NEAR_USDT_USDT,2025-01-13 18:25:00+00:00,2025-01-14 11:05:00+00:00,2025-01-14 02:45:00+00:00,2025-01-14 11:05:00+00:00,longA_shortB,0.1779242148161385,0.48752114754399023,0.5124788524560098,505.3928584959724,561.8561715578862,0.9720972,4.914491399999999,1.0014001300000002,4.9784977999999995,1.966748548205515,-23.119647852400874,-2.3119647852400873,1000.0,100
SDR,BTC_USDT_USDT-ETH_USDT_USDT,2025-01-14 07:50:00+00:00,2025-01-15 00:30:00+00:00,2025-01-14 16:10:00+00:00,2025-01-15 00:30:00+00:00,shortA_longB,10.0,0.5451658179428697,0.45483418205713044,0.00478248318353314,0.014357074162868714,96821.28116,3225.212489,97416.14064,3239.3239,0.3065247095210309,-2.9488315949165758,-0.2948831594916576,1000.0,100
SDR,ETH_USDT_USDT-SOL_USDT_USDT,2025-01-14 21:10:00+00:00,2025-01-15 13:50:00+00:00,2025-01-15 05:30:00+00:00,2025-01-15 13:50:00+00:00,shortA_longB,7.6955815674111125,0.6098124389125054,0.3901875610874946,0.12710065991790662,0.2798746691439526,3268.62683,192.889287,3431.733139,202.790277,0.2887082582426843,-18.248591468469066,-1.8248591468469066,1000.0,100
SDR,BCH_USDT_USDT-LTC_USDT_USDT,2025-01-15 06:20:00+00:00,2025-01-15 23:00:00+00:00,2025-01-15 14:40:00+00:00,2025-01-15 23:00:00+00:00,longA_shortB,3.149085083589036,0.6776981405551908,0.3223018594448092,0.8996462656630757,1.1992896710857754,453.465342,108.020801,458.725868,120.03200199999999,0.3282452360241725,-10.0005419613358,-1.00005419613358,1000.0,100
SDR,SOL_USDT_USDT-TRX_USDT_USDT,2025-01-15 18:50:00+00:00,2025-01-16 11:30:00+00:00,2025-01-16 03:10:00+00:00,2025-01-16 11:30:00+00:00,shortA_longB,10.0,0.333824202651072,0.6661757973489281,3.1466100557679364,269.3914112137861,202.110209,0.23607360500000002,213.151313,0.24016401399999998,0.43048812154626037,-34.07061594177426,-3.4070615941774256,1000.0,100
SDR,TAO_USDT_USDT-XLM_USDT_USDT,2025-01-15 23:15:00+00:00,2025-01-16 15:55:00+00:00,2025-01-16 14:40:00+00:00,2025-01-16 15:55:00+00:00,longA_shortB,10.0,0.5412335916568762,0.4587664083431239,1.0567735868886774,95.92938340075673,441.214117,0.4860486,447.06470199999995,0.484398435,0.3095411938207532,6.0315018129858124,0.6031501812985812,1000.0,15
SDR,AAVE_USDT_USDT-DOT_USDT_USDT,2025-01-16 09:10:00+00:00,2025-01-17 01:50:00+00:00,2025-01-16 17:30:00+00:00,2025-01-17 01:50:00+00:00,shortA_longB,10.0,0.47406764942398255,0.5259323505760174,1.6314965602864147,7.123636703361021,319.471944,7.3167316,326.56265299999995,7.390739,0.34763217006338487,-11.388897682594898,-1.1388897682594898,1000.0,100
SDR,AAVE_USDT_USDT-TAO_USDT_USDT,2025-01-16 18:20:00+00:00,2025-01-17 11:00:00+00:00,2025-01-17 02:40:00+00:00,2025-01-17 11:00:00+00:00,longA_shortB,0.817621236871165,0.5419176919828456,0.4580823080171545,1.5425149139689218,1.2979678814666853,326.872684,475.107506,324.662463,474.137409,0.6711276277614023,-2.821271735521491,-0.2821271735521491,1000.0,100
SDR,SUI_USDT_USDT-XLM_USDT_USDT,2025-01-17 20:20:00+00:00,2025-01-18 13:00:00+00:00,2025-01-18 05:25:00+00:00,2025-01-18 13:00:00+00:00,longA_shortB,7.860996706103002,0.5697492312586098,0.4302507687413903,94.65924100145395,121.44229532497843,4.71157111,0.46717671299999997,5.05060501,0.476767672,0.3116144864445731,30.616329085990465,3.0616329085990466,1000.0,91
SDR,HBAR_USDT_USDT-TAO_USDT_USDT,2025-01-18 07:00:00+00:00,2025-01-18 23:40:00+00:00,2025-01-18 15:20:00+00:00,2025-01-18 23:40:00+00:00,longA_shortB,0.1,0.488755328826377,0.5112446711736229,1379.6759612605183,10.744641139824983,0.35573557,456.78567400000003,0.352095206,441.084104,3.1871596983575707,160.49805258244606,16.049805258244607,1000.0,100
SDR,ADA_USDT_USDT-NEAR_USDT_USDT,2025-01-18 22:00:00+00:00,2025-01-19 14:40:00+00:00,2025-01-19 12:45:00+00:00,2025-01-19 14:40:00+00:00,longA_shortB,0.13091634498875196,0.5247321524206268,0.47526784757937335,486.3675771554959,736.6686212134381,1.0671066999999999,5.3815381,0.9920992,4.970497,2.588265122495225,263.7315992330691,26.37315992330691,1000.0,23
SDR,DOT_USDT_USDT-ONDO_USDT_USDT,2025-01-19 10:05:00+00:00,2025-01-20 02:45:00+00:00,2025-01-19 18:25:00+00:00,2025-01-20 02:45:00+00:00,shortA_longB,3.4918138806590644,0.4981934104099682,0.501806589590032,78.92738338952962,107.87632189239712,6.3476347,1.33003299,6.6456645,1.41704169,0.39656142596862065,-14.533095183434389,-1.4533095183434388,1000.0,100
SDR,LTC_USDT_USDT-UNI_USDT_USDT,2025-01-19 20:00:00+00:00,2025-01-20 12:40:00+00:00,2025-01-20 10:35:00+00:00,2025-01-20 12:40:00+00:00,shortA_longB,6.125366038425906,0.461261092300793,0.538738907699207,4.34163531873577,6.3321823270372795,121.582157,13.609360800000001,120.322031,13.7553754,0.36706147959617247,6.02853713767047,0.602853713767047,1000.0,25
SDR,DOGE_USDT_USDT-HBAR_USDT_USDT,2025-01-20 12:40:00+00:00,2025-01-21 05:20:00+00:00,2025-01-21 00:15:00+00:00,2025-01-21 05:20:00+00:00,longA_shortB,1.0577761507579857,0.5345843767169984,0.46541562328300157,1451.2377542832915,1410.1537814388107,0.343864383,0.334553452,0.370117008,0.33538353499999995,0.5942612778056021,36.33399458987779,3.6333994589877787,1000.0,61
SDR,DOT_USDT_USDT-LINK_USDT_USDT,2025-01-21 19:40:00+00:00,2025-01-22 12:20:00+00:00,2025-01-22 04:00:00+00:00,2025-01-22 12:20:00+00:00,shortA_longB,0.1279541487410441,0.4765653601284837,0.5234346398715163,72.57628973073776,145.48842644996563,6.6396639,25.8855883,6.5516551000000005,25.4865484,2.5294284964590346,-54.19776347055587,-5.419776347055587,1000.0,100
SDR,ETC_USDT_USDT-TON_USDT_USDT,2025-01-22 11:00:00+00:00,2025-01-23 03:40:00+00:00,2025-01-22 19:20:00+00:00,2025-01-23 03:40:00+00:00,shortA_longB,0.20618559566441474,0.42004901560795777,0.5799509843920423,16.332163374931845,415.8690395740893,27.392739,5.2175217,27.0197017,5.07660761,1.550904762162712,-54.06020590437598,-5.406020590437597,1000.0,100
SDR,BCH_USDT_USDT-UNI_USDT_USDT,2025-01-22 21:25:00+00:00,2025-01-23 14:05:00+00:00,2025-01-23 05:45:00+00:00,2025-01-23 14:05:00+00:00,shortA_longB,10.0,0.5383717159641898,0.46162828403581024,1.0877474785385772,3.717534940140253,430.803076,12.605260399999999,432.223218,12.6042603,0.3097415847712295,-1.8582153711315899,-0.185821537113159,1000.0,100
SDR,AVAX_USDT_USDT-DOT_USDT_USDT,2025-01-23 02:00:00+00:00,2025-01-23 18:40:00+00:00,2025-01-23 16:15:00+00:00,2025-01-23 18:40:00+00:00,shortA_longB,6.117996263777002,0.48367125705666986,0.5163287429433302,14.428828843172278,13.244146971557514,35.4665463,6.3156315,34.643464,6.2086208,0.35324351309454377,10.105604679120724,1.0105604679120723,1000.0,29
SDR,AVAX_USDT_USDT-DOT_USDT_USDT,2025-01-23 04:45:00+00:00,2025-01-23 21:25:00+00:00,2025-01-23 20:25:00+00:00,2025-01-23 21:25:00+00:00,longA_shortB,6.252789825581437,0.47576100249778047,0.5242389975022196,14.831571684825242,13.145420668519165,34.8954892,6.2966296,36.1286125,6.4536453,0.3663020348740888,15.85881715724221,1.5858817157242209,1000.0,12
SDR,NEAR_USDT_USDT-SUI_USDT_USDT,2025-01-23 23:35:00+00:00,2025-01-24 16:15:00+00:00,2025-01-24 07:55:00+00:00,2025-01-24 16:15:00+00:00,shortA_longB,0.8791002732871763,0.5247599949278907,0.4752400050721092,98.03418352273242,129.48670035399033,5.1165116,4.4064406,4.9824982,4.186518609999999,0.6308166343531213,-15.969895204631115,-1.5969895204631115,1000.0,100
SDR,ETC_USDT_USDT-UNI_USDT_USDT,2025-01-24 02:55:00+00:00,2025-01-24 19:35:00+00:00,2025-01-24 18:15:00+00:00,2025-01-24 19:35:00+00:00,longA_shortB,1.7958471733048524,0.4933754196875485,0.5066245803124514,18.59545430062396,22.610423368121317,26.989698699999998,12.3602359,27.213721099999997,12.4222421,0.47048386065587644,2.293328007411785,0.2293328007411785,1000.0,16
SDR,DOT_USDT_USDT-NEAR_USDT_USDT,2025-01-24 14:05:00+00:00,2025-01-25 06:45:00+00:00,2025-01-24 22:25:00+00:00,2025-01-25 06:45:00+00:00,shortA_longB,0.9361206321607379,0.48614628214378064,0.5138537178562195,78.85900983030284,108.42868641858598,6.3346333999999995,4.9214921,6.310631,4.9044904,0.6187834214620176,-0.5694499217940348,-0.05694499217940347,1000.0,100
SDR,APT_USDT_USDT-SUI_USDT_USDT,2025-01-24 21:30:00+00:00,2025-01-25 14:10:00+00:00,2025-01-25 09:55:00+00:00,2025-01-25 14:10:00+00:00,shortA_longB,0.6553343698795545,0.4833753145023334,0.5166246854976666,60.32744509339887,181.89951446188408,8.23072299,4.1654165,8.1878187,4.18681864,0.7529268566863925,5.7284182170052285,0.5728418217005229,1000.0,51
SDR,BTC_USDT_USDT-TON_USDT_USDT,2025-01-26 01:45:00+00:00,2025-01-26 18:25:00+00:00,2025-01-26 10:05:00+00:00,2025-01-26 18:25:00+00:00,shortA_longB,10.0,0.6409458501647864,0.3590541498352136,0.003661295932053673,7.593970579585997,105066.80563,5.06560651,101085.00748999999,4.83018297,0.24897933868039246,12.54176255705855,1.254176255705855,1000.0,100
SDR,DOGE_USDT_USDT-POL_USDT_USDT,2025-01-26 20:35:00+00:00,2025-01-27 13:15:00+00:00,2025-01-27 04:55:00+00:00,2025-01-27 13:15:00+00:00,shortA_longB,0.7356330054868004,0.4890697035294041,0.5109302964705958,1553.1131684611985,1664.8785062159811,0.320862083,0.406890685,0.332963293,0.41722171799999996,0.7162535483401191,-2.310887364946427,-0.2310887364946427,1000.0,100
SDR,ADA_USDT_USDT-APT_USDT_USDT,2025-01-28 04:50:00+00:00,2025-01-28 21:30:00+00:00,2025-01-28 20:15:00+00:00,2025-01-28 21:30:00+00:00,shortA_longB,0.1066767050636074,0.5156147117407157,0.4843852882592844,541.0102760632328,651.7367234176832,0.94749474,7.37293722,0.9411941100000001,7.40003993,3.1949675397004054,17.87756944711171,1.7877569447111712,1000.0,15
SDR,XRP_USDT_USDT-ZEC_USDT_USDT,2025-01-28 17:25:00+00:00,2025-01-29 10:05:00+00:00,2025-01-29 05:30:00+00:00,2025-01-29 10:05:00+00:00,shortA_longB,0.1,0.540975006491975,0.45902499350802495,174.90300585089057,128.67140813936356,3.05040501,41.464146,3.03170314,41.734173,3.530707157370949,34.485060446309454,3.4485060446309452,1000.0,55
SDR,AAVE_USDT_USDT-ETH_USDT_USDT,2025-01-29 15:00:00+00:00,2025-01-30 07:40:00+00:00,2025-01-30 06:25:00+00:00,2025-01-30 07:40:00+00:00,shortA_longB,0.158823226251686,0.3600454884919352,0.6399545115080648,1.2621784234734654,0.7733023277485048,315.651562,3243.884356,316.851682,3267.72674,1.7501327895850696,15.172472687109728,1.5172472687109728,1000.0,15
SDR,ADA_USDT_USDT-SOL_USDT_USDT,2025-01-30 07:35:00+00:00,2025-01-31 00:15:00+00:00,2025-01-30 15:55:00+00:00,2025-01-31 00:15:00+00:00,shortA_longB,0.1,0.5689624294649154,0.4310375705350846,578.4655532428042,23.293622319821182,0.96189618,238.873885,0.94889488,235.24352199999998,3.644771586469574,-80.68827199494729,-8.068827199494729,1000.0,100
SDR,TAO_USDT_USDT-XLM_USDT_USDT,2025-01-30 18:45:00+00:00,2025-01-31 11:25:00+00:00,2025-01-31 03:05:00+00:00,2025-01-31 11:25:00+00:00,shortA_longB,10.0,0.3553413394486707,0.6446586605513294,1.3558809157255216,146.26591038512373,456.05560099999997,0.422762272,467.54675,0.413321328,0.41237559910565885,-17.373893497019054,-1.7373893497019055,1000.0,100
SDR,HBAR_USDT_USDT-SUI_USDT_USDT,2025-01-30 21:20:00+00:00,2025-01-31 14:00:00+00:00,2025-01-31 12:55:00+00:00,2025-01-31 14:00:00+00:00,longA_shortB,0.1,0.5339604444016585,0.4660395555983415,1731.634876106862,1291.595596667386,0.304790476,4.08630859,0.305700567,4.08220818,3.482270361913606,3.389746454647636,0.33897464546476364,1000.0,13
SDR,AVAX_USDT_USDT-SOL_USDT_USDT,2025-02-01 03:55:00+00:00,2025-02-01 20:35:00+00:00,2025-02-01 12:15:00+00:00,2025-02-01 20:35:00+00:00,shortA_longB,0.18306474486637866,0.4904117480443067,0.5095882519556932,15.143033446548513,12.375264158222834,32.5812578,217.78177599999998,30.926092299999997,209.850983,1.8761286846001826,-74.95756051771102,-7.495756051771102,1000.0,100
SDR,ENA_USDT_USDT-XRP_USDT_USDT,2025-02-02 08:00:00+00:00,2025-02-03 00:40:00+00:00,2025-02-02 16:20:00+00:00,2025-02-03 00:40:00+00:00,shortA_longB,0.26892297958008354,0.4776660879567248,0.5223339120432753,868.5517763847563,753.4899646169723,0.56085608,2.40404038,0.57625762,2.32673265,1.3656696381216207,-72.99330330650116,-7.2993303306501165,1000.0,100
SDR,BCH_USDT_USDT-LTC_USDT_USDT,2025-02-02 17:55:00+00:00,2025-02-03 10:35:00+00:00,2025-02-03 07:55:00+00:00,2025-02-03 10:35:00+00:00,longA_shortB,3.5011967726466366,0.5579530900647467,0.4420469099352532,1.4030963062389008,1.2888022107763077,333.403337,103.670366,334.773474,102.950294,0.3611428736485944,2.489321675610774,0.2489321675610774,1000.0,32
SDR,LINK_USDT_USDT-XRP_USDT_USDT,2025-02-03 21:55:00+00:00,2025-02-04 14:35:00+00:00,2025-02-04 11:15:00+00:00,2025-02-04 14:35:00+00:00,shortA_longB,6.1974451493204565,0.4680250578354899,0.5319749421645101,24.78733506678584,31.38669101935159,21.1031101,2.68916889,19.593959199999997,2.47964794,0.3513011849262413,30.480358519984197,3.04803585199842,1000.0,40
SDR,BCH_USDT_USDT-ETC_USDT_USDT,2025-02-04 08:40:00+00:00,2025-02-05 01:20:00+00:00,2025-02-04 17:00:00+00:00,2025-02-05 01:20:00+00:00,shortA_longB,10.0,0.5131020880850256,0.4868979119149745,1.4690744899103731,2.358081585915807,333.053302,20.7490747,332.013198,21.052105,0.3226808464092314,1.9198795772490274,0.19198795772490274,1000.0,100
SDR,AAVE_USDT_USDT-APT_USDT_USDT,2025-02-04 22:35:00+00:00,2025-02-05 15:15:00+00:00,2025-02-05 06:55:00+00:00,2025-02-05 15:15:00+00:00,longA_shortB,10.0,0.45575375679108343,0.5442462432089165,1.9972726006954742,8.76130169018209,268.466844,6.12011195,258.645862,5.97389733,0.3476241087354571,-18.681771971923474,-1.8681771971923475,1000.0,100
SDR,AAVE_USDT_USDT-AVAX_USDT_USDT,2025-02-05 12:50:00+00:00,2025-02-06 05:30:00+00:00,2025-02-06 02:15:00+00:00,2025-02-06 05:30:00+00:00,shortA_longB,6.164278423828102,0.4486360773251541,0.5513639226748459,2.0185374379620105,3.261331636991532,266.046602,26.712671,260.396037,26.291628900000003,0.3706526327764429,9.662066444126078,0.9662066444126078,1000.0,39
SDR,AAVE_USDT_USDT-ADA_USDT_USDT,2025-02-05 22:20:00+00:00,2025-02-06 15:00:00+00:00,2025-02-06 06:40:00+00:00,2025-02-06 15:00:00+00:00,longA_shortB,10.0,0.47194087313909505,0.528059126860905,2.0607912702528495,71.24048731797794,253.765374,0.7340734,243.844382,0.71047104,0.33851396730465777,-19.102164044898693,-1.9102164044898693,1000.0,100
SDR,SOL_USDT_USDT-ZEC_USDT_USDT,2025-02-06 21:20:00+00:00,2025-02-07 14:00:00+00:00,2025-02-07 05:40:00+00:00,2025-02-07 14:00:00+00:00,longA_shortB,6.210353707049534,0.6123638181085268,0.38763618189147325,2.0985299839942324,2.141982169911006,199.56995500000002,31.483148,189.71896999999998,29.482948,0.2842568316451394,-16.672451489766644,-1.6672451489766644,1000.0,100
SDR,AVAX_USDT_USDT-DOT_USDT_USDT,2025-02-07 13:00:00+00:00,2025-02-08 05:40:00+00:00,2025-02-07 22:25:00+00:00,2025-02-08 05:40:00+00:00,longA_shortB,5.177087247300591,0.5350035004698329,0.4649964995301672,19.71121990678598,20.166177806378027,24.1654163,4.562456200000001,24.3964394,4.5884588,0.34252571872960796,3.6868483538896544,0.36868483538896546,1000.0,87
SDR,BCH_USDT_USDT-LTC_USDT_USDT,2025-02-08 14:05:00+00:00,2025-02-09 06:45:00+00:00,2025-02-08 22:45:00+00:00,2025-02-09 06:45:00+00:00,shortA_longB,1.5946614554422065,0.4578073257972951,0.5421926742027049,1.5622422080499363,3.008077896304544,326.242621,106.25062399999999,323.972394,106.230622,0.49648604406380126,2.989990823108889,0.29899908231088895,1000.0,96
SDR,APT_USDT_USDT-WLD_USDT_USDT,2025-02-08 22:40:00+00:00,2025-02-09 15:20:00+00:00,2025-02-09 07:00:00+00:00,2025-02-09 15:20:00+00:00,shortA_longB,2.887070867389435,0.5232385493977275,0.4767614506022725,83.62329129750489,137.17588174687245,5.8442843700000005,1.23402339,5.84118406,1.20422041,0.3934936720945596,-4.222485606036331,-0.42224856060363314,1000.0,100
SDR,DOT_USDT_USDT-NEAR_USDT_USDT,2025-02-09 04:35:00+00:00,2025-02-09 21:15:00+00:00,2025-02-09 19:30:00+00:00,2025-02-09 21:15:00+00:00,shortA_longB,0.813953862922391,0.4979049482756376,0.5020950517243624,103.9166458436348,193.25150911312787,4.8094809000000005,3.1773177,4.7834783000000005,3.1783178,0.6675312886580421,2.227842520819641,0.22278425208196412,1000.0,21
SDR,ETH_USDT_USDT-LTC_USDT_USDT,2025-02-09 14:00:00+00:00,2025-02-10 06:40:00+00:00,2025-02-10 02:05:00+00:00,2025-02-10 06:40:00+00:00,shortA_longB,3.509813033094912,0.698538231346093,0.3014617686539069,0.14659696971290606,0.9490765845959482,2657.0056739999995,116.931692,2641.1240860000003,117.431742,0.29973558463699923,2.5030428365189534,0.25030428365189533,1000.0,55
SDR,ADA_USDT_USDT-NEAR_USDT_USDT,2025-02-09 18:25:00+00:00,2025-02-10 11:05:00+00:00,2025-02-10 07:05:00+00:00,2025-02-10 11:05:00+00:00,shortA_longB,0.21861811144983645,0.5028452294948647,0.4971547705051354,711.0304562393153,711.4720109351664,0.70577057,3.2263226,0.70457045,3.2443244,1.6819438956135666,11.979154821981027,1.1979154821981026,1000.0,48
SDR,AAVE_USDT_USDT-ADA_USDT_USDT,2025-02-10 01:40:00+00:00,2025-02-10 18:20:00+00:00,2025-02-10 16:35:00+00:00,2025-02-10 18:20:00+00:00,shortA_longB,10.0,0.632023064962084,0.3679769350379159,1.5100244046614977,52.99377156218744,259.585956,0.7396739600000001,256.655663,0.73687368,0.25733558151804287,4.019080962660553,0.40190809626605534,1000.0,21
SDR,ONDO_USDT_USDT-TAO_USDT_USDT,2025-02-10 11:15:00+00:00,2025-02-11 03:55:00+00:00,2025-02-10 19:35:00+00:00,2025-02-11 03:55:00+00:00,longA_shortB,0.1,0.5103110838280296,0.4896889161719704,376.9448378168355,12.576328487125618,1.34883487,404.280424,1.3857385599999998,424.852481,3.437469333250289,-248.2477603792299,-24.82477603792299,1000.0,100
SDR,BCH_USDT_USDT-ETC_USDT_USDT,2025-02-11 10:35:00+00:00,2025-02-12 03:15:00+00:00,2025-02-11 18:55:00+00:00,2025-02-12 03:15:00+00:00,longA_shortB,9.27103562740967,0.5823301225227024,0.4176698774772975,1.320356914659347,2.3227517774756423,328.472844,20.140013800000002,332.563253,20.5270525,0.29017892461392647,4.211626053943996,0.42116260539439954,1000.0,100
SDR,AAVE_USDT_USDT-XLM_USDT_USDT,2025-02-11 14:15:00+00:00,2025-02-12 06:55:00+00:00,2025-02-12 05:20:00+00:00,2025-02-12 06:55:00+00:00,shortA_longB,10.0,0.5271195173276194,0.4728804826723806,1.93074773753045,148.20347043828826,247.47474499999998,0.322402237,237.843782,0.315141511,0.30945415319900826,17.20944107818892,1.7209441078188918,1000.0,19
SDR,DOT_USDT_USDT-NEAR_USDT_USDT,2025-02-12 17:05:00+00:00,2025-02-13 09:45:00+00:00,2025-02-13 02:45:00+00:00,2025-02-13 09:45:00+00:00,shortA_longB,0.8983491819535805,0.5186700900291434,0.4813299099708565,96.87674173385713,167.86078768192328,5.1715171,3.3223322,5.1295129,3.3253325,0.634143736707009,3.938719019712363,0.3938719019712363,1000.0,84
SDR,AVAX_USDT_USDT-ONDO_USDT_USDT,2025-02-13 08:40:00+00:00,2025-02-14 01:20:00+00:00,2025-02-13 17:00:00+00:00,2025-02-14 01:20:00+00:00,shortA_longB,9.831215214044942,0.49518658867157345,0.5048134113284265,19.74893079661999,38.71618524157615,25.516551399999997,1.32393238,26.1406138,1.33363335,0.3369193763336132,-12.285899975163291,-1.2285899975163292,1000.0,100
SDR,DOT_USDT_USDT-POL_USDT_USDT,2025-02-13 18:00:00+00:00,2025-02-14 10:40:00+00:00,2025-02-14 10:00:00+00:00,2025-02-14 10:40:00+00:00,shortA_longB,10.0,0.49318496988978167,0.5068150301102184,94.86308522957845,154.13299017879854,5.329532899999999,0.328012798,5.2915291,0.32649264599999994,0.33252827727199763,3.038323867889506,0.30383238678895064,1000.0,8
SDR,SOL_USDT_USDT-ZEC_USDT_USDT,2025-02-14 05:45:00+00:00,2025-02-14 22:25:00+00:00,2025-02-14 14:05:00+00:00,2025-02-14 22:25:00+00:00,longA_shortB,6.130626852739601,0.5186873719365477,0.4813126280634523,2.433865707480961,2.3902576278796843,199.909989,33.203320000000005,196.46964499999999,32.873287,0.33680247367278376,-7.921273861508654,-0.7921273861508654,1000.0,100
SDR,ETC_USDT_USDT-ONDO_USDT_USDT,2025-02-14 14:55:00+00:00,2025-02-15 07:35:00+00:00,2025-02-14 23:15:00+00:00,2025-02-15 07:35:00+00:00,longA_shortB,10.0,0.545827479516024,0.45417252048397616,21.92577961466558,35.530004888792746,21.0941092,1.30173016,20.9340932,1.28032802,0.3039724929544518,-3.052029904944128,-0.30520299049441285,1000.0,100
SDR,DOT_USDT_USDT-ONDO_USDT_USDT,2025-02-15 06:05:00+00:00,2025-02-15 22:45:00+00:00,2025-02-15 14:25:00+00:00,2025-02-15 22:45:00+00:00,longA_shortB,1.3453542798176512,0.4622270532409164,0.5377729467590837,101.24404749491056,296.4231852877806,4.9934993,1.26772676,4.9844984,1.2731272999999999,0.5290142780578493,-3.0411470942288505,-0.30411470942288504,1000.0,100
SDR,DOT_USDT_USDT-TAO_USDT_USDT,2025-02-15 12:15:00+00:00,2025-02-16 04:55:00+00:00,2025-02-16 03:55:00+00:00,2025-02-16 04:55:00+00:00,longA_shortB,0.1,0.5848267921268361,0.415173207873164,113.61939819046748,15.312842697410844,5.0115011,371.847181,4.9734973,367.79677599999997,3.7381623224316862,53.967083418423954,5.396708341842396,1000.0,12
SDR,LTC_USDT_USDT-TON_USDT_USDT,2025-02-16 11:30:00+00:00,2025-02-17 04:10:00+00:00,2025-02-17 02:30:00+00:00,2025-02-17 04:10:00+00:00,longA_shortB,10.0,0.3242267556846659,0.675773244315334,5.181921416822634,16.848568300143317,124.242423,3.8211820800000003,124.892488,3.83348331,0.42599030508817765,2.7353373269078483,0.27353373269078485,1000.0,20
SDR,DOGE_USDT_USDT-XLM_USDT_USDT,2025-02-16 19:20:00+00:00,2025-02-17 12:00:00+00:00,2025-02-17 10:05:00+00:00,2025-02-17 12:00:00+00:00,longA_shortB,0.7566355273498165,0.4999784354159107,0.5000215645840893,1948.5034598895263,1971.3880209092097,0.25660565799999996,0.335203517,0.257685766,0.334873484,0.6969241175741039,2.0582931601850434,0.20582931601850432,1000.0,23
SDR,DOT_USDT_USDT-ONDO_USDT_USDT,2025-02-17 10:25:00+00:00,2025-02-18 03:05:00+00:00,2025-02-17 22:00:00+00:00,2025-02-18 03:05:00+00:00,longA_shortB,2.2269724977737355,0.5278350217821186,0.4721649782178814,103.52602475247663,185.43936706948793,4.7274727,1.1851185,4.765476499999999,1.1851185,0.4266907628813654,3.5076915766067405,0.35076915766067407,1000.0,61
SDR,ADA_USDT_USDT-DOT_USDT_USDT,2025-02-17 17:10:00+00:00,2025-02-18 09:50:00+00:00,2025-02-18 07:35:00+00:00,2025-02-18 09:50:00+00:00,longA_shortB,0.16560560518928982,0.457144613146907,0.542855386853093,619.0149119544657,605.6190541136237,0.75817581,4.679467900000001,0.7495749500000001,4.6264626,1.9707507093023402,24.806208344074232,2.480620834407423,1000.0,27
SDR,NEAR_USDT_USDT-XRP_USDT_USDT,2025-02-18 10:50:00+00:00,2025-02-19 03:30:00+00:00,2025-02-18 22:25:00+00:00,2025-02-19 03:30:00+00:00,longA_shortB,0.9426275938869539,0.4328905565566214,0.5671094434433785,161.31138090440493,209.27652836463895,3.0873087000000003,2.5245524300000004,3.1733173,2.5773577100000002,0.623286080254071,2.1999742776777884,0.21999742776777884,1000.0,61
SDR,DOGE_USDT_USDT-XLM_USDT_USDT,2025-02-18 14:50:00+00:00,2025-02-19 07:30:00+00:00,2025-02-19 03:40:00+00:00,2025-02-19 07:30:00+00:00,longA_shortB,0.4649249998713243,0.5562815239926476,0.44371847600735237,2046.7351038524175,3322.096744838981,0.254335431,0.3370337,0.253275325,0.33334333099999996,0.9798006317694553,9.110206046380737,0.9110206046380737,1000.0,46
SDR,AAVE_USDT_USDT-WLD_USDT_USDT,2025-02-19 16:30:00+00:00,2025-02-20 09:10:00+00:00,2025-02-20 00:50:00+00:00,2025-02-20 09:10:00+00:00,shortA_longB,10.0,0.5349571673336946,0.4650428326663055,1.8383445636420437,40.84148220412616,256.42564,1.15421541,258.60585799999996,1.1679167799999999,0.31249340248986945,-3.760901051317194,-0.3760901051317194,1000.0,100
SDR,ADA_USDT_USDT-ETC_USDT_USDT,2025-02-20 16:55:00+00:00,2025-02-21 09:35:00+00:00,2025-02-21 01:15:00+00:00,2025-02-21 09:35:00+00:00,longA_shortB,0.1,0.596511026267612,0.40348897373238807,714.8748782151026,271.2391305714239,0.80988098,21.345134299999998,0.7720772,20.4270425,3.738345323573006,218.25910366960986,21.825910366960986,1000.0,100
SDR,DOGE_USDT_USDT-XLM_USDT_USDT,2025-02-21 03:00:00+00:00,2025-02-21 19:40:00+00:00,2025-02-21 11:20:00+00:00,2025-02-21 19:40:00+00:00,longA_shortB,0.7923917870264654,0.4561531204182762,0.5438468795817237,2052.6435750742226,1925.7168718624841,0.241114109,0.324342431,0.241204118,0.325992596,0.6727165630949354,-3.665710749403103,-0.36657107494031027,1000.0,100
SDR,DOGE_USDT_USDT-ETH_USDT_USDT,2025-02-21 11:15:00+00:00,2025-02-22 03:55:00+00:00,2025-02-22 00:10:00+00:00,2025-02-22 03:55:00+00:00,shortA_longB,0.1,0.4380598781810263,0.5619401218189736,1847.9631080645995,1.676449723808702,0.243144312,2680.1979929999998,0.24379437699999998,2732.47322,2.9921747679787507,83.44331896036462,8.344331896036463,1000.0,45
SDR,DOGE_USDT_USDT-ETC_USDT_USDT,2025-02-22 12:40:00+00:00,2025-02-23 05:20:00+00:00,2025-02-22 21:35:00+00:00,2025-02-23 05:20:00+00:00,longA_shortB,0.1,0.5943345891251328,0.4056654108748672,2360.8162199726844,278.64288003791154,0.244484446,20.7140712,0.244534451,20.6730671,3.8060145469050317,7.73753858553687,0.7737538585536871,1000.0,93
SDR,DOGE_USDT_USDT-XRP_USDT_USDT,2025-02-22 15:50:00+00:00,2025-02-23 08:30:00+00:00,2025-02-23 07:30:00+00:00,2025-02-23 08:30:00+00:00,longA_shortB,0.1,0.4570064659386627,0.5429935340613373,1922.552200339979,1825.9487484567842,0.24177417499999998,2.5456545399999997,0.24140413800000002,2.53115309,3.059677820090718,22.70781120966002,2.270781120966002,1000.0,12
SDR,ADA_USDT_USDT-ETC_USDT_USDT,2025-02-22 23:50:00+00:00,2025-02-23 16:30:00+00:00,2025-02-23 12:10:00+00:00,2025-02-23 16:30:00+00:00,shortA_longB,0.1,0.5083936384575196,0.49160636154248044,661.5544193842386,246.3864077249709,0.76617661,20.572057,0.7715771499999999,20.6650663,3.353272341195428,15.990203866757053,1.5990203866757053,1000.0,52
SDR,AAVE_USDT_USDT-ETC_USDT_USDT,2025-02-23 06:00:00+00:00,2025-02-23 22:40:00+00:00,2025-02-23 20:30:00+00:00,2025-02-23 22:40:00+00:00,longA_shortB,10.0,0.4540510970870087,0.5459489029129914,2.2858513473742406,2.7178723978588657,235.183516,19.779977799999998,238.483846,20.0340032,0.3572827492931038,6.496372404971463,0.6496372404971463,1000.0,26
SDR,ADA_USDT_USDT-LTC_USDT_USDT,2025-02-23 20:00:00+00:00,2025-02-24 12:40:00+00:00,2025-02-24 11:40:00+00:00,2025-02-24 12:40:00+00:00,shortA_longB,0.1,0.5156923136555644,0.48430768634443544,717.3865234044433,42.13540566388628,0.71487148,121.71217,0.7243724300000001,123.572356,3.4102971573029937,68.15354107343943,6.815354107343944,1000.0,12
SDR,ENA_USDT_USDT-ONDO_USDT_USDT,2025-02-24 05:15:00+00:00,2025-02-24 21:55:00+00:00,2025-02-24 14:00:00+00:00,2025-02-24 21:55:00+00:00,longA_shortB,0.15713810435067815,0.3992121556980466,0.6007878443019533,1148.4740497939913,2706.869078503254,0.37143714,1.00290028,0.37893789,0.9764976400000001,1.8659271819810135,78.21697935386422,7.821697935386422,1000.0,95
SDR,APT_USDT_USDT-UNI_USDT_USDT,2025-02-25 00:50:00+00:00,2025-02-25 17:30:00+00:00,2025-02-25 16:25:00+00:00,2025-02-25 17:30:00+00:00,longA_shortB,0.5246231985459792,0.5243344588359323,0.4756655411640676,91.79705171575996,115.99891483836853,5.52945289,8.340834,5.5815581000000005,8.273827299999999,0.8841722195011333,11.671636924429597,1.1671636924429598,1000.0,13
SDR,AAVE_USDT_USDT-AVAX_USDT_USDT,2025-02-25 07:55:00+00:00,2025-02-26 00:35:00+00:00,2025-02-25 19:00:00+00:00,2025-02-26 00:35:00+00:00,shortA_longB,7.628893439666751,0.47289768922423336,0.5271023107757665,2.5036945951646463,3.0718499274152102,208.0208,22.2242222,203.900388,21.965196300000002,0.3501204342123436,9.170444127925595,0.9170444127925595,1000.0,67
SDR,ADA_USDT_USDT-AVAX_USDT_USDT,2025-02-25 20:00:00+00:00,2025-02-26 12:40:00+00:00,2025-02-26 04:20:00+00:00,2025-02-26 12:40:00+00:00,shortA_longB,0.1,0.5126001084823918,0.4873998915176083,754.8197542189737,232.52741243712458,0.6760676,21.9461944,0.65236523,21.7261724,3.3473249367738003,-36.61745417820771,-3.6617454178207707,1000.0,100
SDR,ADA_USDT_USDT-XRP_USDT_USDT,2025-02-26 03:10:00+00:00,2025-02-26 19:50:00+00:00,2025-02-26 16:30:00+00:00,2025-02-26 19:50:00+00:00,shortA_longB,0.34107681689274827,0.5065725025955153,0.49342749740448466,781.6980086571041,678.6264004995828,0.6437643700000001,2.17411739,0.6578657800000001,2.2015201299999996,1.1960714509054706,6.377107242862717,0.6377107242862717,1000.0,40
SDR,AAVE_USDT_USDT-XRP_USDT_USDT,2025-02-27 00:05:00+00:00,2025-02-27 16:45:00+00:00,2025-02-27 11:30:00+00:00,2025-02-27 16:45:00+00:00,longA_shortB,10.0,0.49272599658423927,0.5072740034157607,2.513543336083085,23.084684793677503,201.290127,2.19171915,202.280226,2.1773177099999996,0.3345748230566719,2.4865346234308867,0.24865346234308866,1000.0,63
SDR,DOGE_USDT_USDT-UNI_USDT_USDT,2025-02-28 18:00:00+00:00,2025-03-01 10:40:00+00:00,2025-03-01 02:20:00+00:00,2025-03-01 10:40:00+00:00,shortA_longB,0.1,0.5111336241231662,0.4888663758768338,2482.9695785081767,686.0625646708173,0.205040502,7.420742,0.203000298,7.4327432,3.36107191314065,9.938266603937686,0.9938266603937685,1000.0,100
SDR,DOGE_USDT_USDT-ENA_USDT_USDT,2025-03-01 00:20:00+00:00,2025-03-01 17:00:00+00:00,2025-03-01 14:05:00+00:00,2025-03-01 17:00:00+00:00,shortA_longB,0.19850312777227586,0.5629958317144627,0.4370041682855374,2611.902018670267,6799.823421752245,0.207560754,0.40164016,0.207050703,0.40384038,1.96801498294793,14.325295742584371,1.432529574258437,1000.0,35
SDR,ETH_USDT_USDT-IP_USDT_USDT,2025-03-01 10:35:00+00:00,2025-03-02 03:15:00+00:00,2025-03-02 01:30:00+00:00,2025-03-02 03:15:00+00:00,shortA_longB,10.0,0.6693490774539808,0.3306509225460193,0.16112667615502238,6.50782445617016,2243.2142989999998,5.55395534,2236.673645,5.795419484,0.23870675790166382,2.386573342609766,0.2386573342609766,1000.0,21
SDR,AVAX_USDT_USDT-SOL_USDT_USDT,2025-03-01 23:05:00+00:00,2025-03-02 15:45:00+00:00,2025-03-02 07:25:00+00:00,2025-03-02 15:45:00+00:00,longA_shortB,0.1,0.7076463050617833,0.29235369493821667,29.6487893444272,42.96231472447561,22.5942592,155.925591,24.952495,177.977796,4.726489829744831,-882.2214249497134,-88.22214249497135,1000.0,100
SDR,AAVE_USDT_USDT-XLM_USDT_USDT,2025-03-02 14:00:00+00:00,2025-03-03 06:40:00+00:00,2025-03-02 22:20:00+00:00,2025-03-03 06:40:00+00:00,longA_shortB,10.0,0.5098701675199901,0.4901298324800098,2.317870132748919,144.07592878460693,212.231221,0.34143414,206.230621,0.32613261,0.3198361514396606,-12.023865523437278,-1.2023865523437278,1000.0,100
SDR,APT_USDT_USDT-ZEC_USDT_USDT,2025-03-02 21:25:00+00:00,2025-03-03 14:05:00+00:00,2025-03-03 10:35:00+00:00,2025-03-03 14:05:00+00:00,longA_shortB,0.1,0.47767135800748955,0.5223286419925105,81.30493261811435,126.09501120491012,5.9249924400000005,38.20382,5.7085708,36.683668,3.116641414141303,170.9707952017238,17.097079520172382,1000.0,42
SDR,DOGE_USDT_USDT-POL_USDT_USDT,2025-03-03 14:40:00+00:00,2025-03-04 07:20:00+00:00,2025-03-04 05:25:00+00:00,2025-03-04 07:20:00+00:00,longA_shortB,0.5381765567257027,0.5044961104203367,0.49550388957966335,2648.316266334691,3921.683662523591,0.18930892900000001,0.237543752,0.19044904299999998,0.236633661,0.8595879084653026,5.728883549320292,0.5728883549320292,1000.0,23
SDR,APT_USDT_USDT-POL_USDT_USDT,2025-03-04 02:45:00+00:00,2025-03-04 19:25:00+00:00,2025-03-04 18:00:00+00:00,2025-03-04 19:25:00+00:00,shortA_longB,10.0,0.4403541159838663,0.5596458840161337,98.75576849171472,220.3269506147362,5.55715566,0.249084906,5.51795174,0.249354933,0.36106514166211395,3.570042331319265,0.3570042331319265,1000.0,17
SDR,DOGE_USDT_USDT-XLM_USDT_USDT,2025-03-04 17:25:00+00:00,2025-03-05 10:05:00+00:00,2025-03-05 02:00:00+00:00,2025-03-05 10:05:00+00:00,longA_shortB,0.6415858167575177,0.5004378443482981,0.499562155651702,2469.2390094229677,2575.814774300592,0.202530251,0.302610258,0.20158015599999998,0.299399937,0.7645535806916317,5.1586270446981155,0.5158627044698115,1000.0,97
SDR,BCH_USDT_USDT-SOL_USDT_USDT,2025-03-05 01:55:00+00:00,2025-03-05 18:35:00+00:00,2025-03-05 16:05:00+00:00,2025-03-05 18:35:00+00:00,longA_shortB,0.614523543753386,0.360631230253103,0.639368769746897,1.2091676769967512,5.200046460765203,385.988595,146.05460399999998,393.709367,147.30472899999998,0.7404803204309195,2.094519541666569,0.20945195416665688,1000.0,30
SDR,BCH_USDT_USDT-ETH_USDT_USDT,2025-03-05 12:55:00+00:00,2025-03-06 05:35:00+00:00,2025-03-06 00:10:00+00:00,2025-03-06 05:35:00+00:00,longA_shortB,0.14031422431011684,0.3094569953178917,0.6905430046821083,0.8855810012381052,1.109347805670804,402.390235,2289.318909,390.449041,2253.185296,1.7224021415784372,27.78744761243111,2.778744761243111,1000.0,65
SDR,AVAX_USDT_USDT-LINK_USDT_USDT,2025-03-05 22:10:00+00:00,2025-03-06 14:50:00+00:00,2025-03-06 06:30:00+00:00,2025-03-06 14:50:00+00:00,longA_shortB,0.3691419895288348,0.5708082674113175,0.42919173258868254,24.92269119858529,86.1332581604369,21.3711369,16.751675,21.187118499999997,17.075707400000002,1.1922986755307232,-33.68849879513481,-3.368849879513481,1000.0,100
SDR,LINK_USDT_USDT-WLD_USDT_USDT,2025-03-06 07:55:00+00:00,2025-03-07 00:35:00+00:00,2025-03-06 16:15:00+00:00,2025-03-07 00:35:00+00:00,longA_shortB,10.0,0.4360864679767509,0.563913532023249,33.599273915222476,59.31024230164285,16.4376436,0.93119311,16.8526851,0.94269426,0.36890147600393414,12.89405557543325,1.289405557543325,1000.0,100
SDR,ENA_USDT_USDT-SOL_USDT_USDT,2025-03-06 10:35:00+00:00,2025-03-07 03:15:00+00:00,2025-03-07 01:10:00+00:00,2025-03-07 03:15:00+00:00,longA_shortB,0.1,0.22297821481991062,0.7770217851800894,668.914538123724,18.88863028869065,0.40864086,144.71446999999998,0.40884088,143.744373,1.798625357840141,16.658974505242963,1.6658974505242963,1000.0,25
SDR,BTC_USDT_USDT-WLD_USDT_USDT,2025-03-06 21:15:00+00:00,2025-03-07 13:55:00+00:00,2025-03-07 05:35:00+00:00,2025-03-07 13:55:00+00:00,shortA_longB,10.0,0.6359197804102021,0.3640802195897978,0.004317023739041858,40.05708722657948,90060.40513999999,0.9705970500000001,86072.30636999999,0.94329432,0.25111020310823057,15.87193902349164,1.5871939023491641,1000.0,100
SDR,AVAX_USDT_USDT-SOL_USDT_USDT,2025-03-07 21:30:00+00:00,2025-03-08 14:10:00+00:00,2025-03-08 05:50:00+00:00,2025-03-08 14:10:00+00:00,shortA_longB,0.1341455723285107,0.3784202200459074,0.6215797799540925,20.173430224607838,22.06355260485435,20.184018199999997,137.573756,20.4190417,136.53365200000002,2.060065863475949,-29.749685360388256,-2.9749685360388254,1000.0,100
SDR,SOL_USDT_USDT-XLM_USDT_USDT,2025-03-08 02:50:00+00:00,2025-03-08 19:30:00+00:00,2025-03-08 18:45:00+00:00,2025-03-08 19:30:00+00:00,longA_shortB,10.0,0.511682074977907,0.48831792502209304,3.583433681874339,179.25027391055755,136.863685,0.27360735799999997,137.983797,0.274687466,0.32495391652886757,3.4952834968897952,0.34952834968897956,1000.0,9
SDR,HBAR_USDT_USDT-XRP_USDT_USDT,2025-03-08 17:40:00+00:00,2025-03-09 10:20:00+00:00,2025-03-09 02:00:00+00:00,2025-03-09 10:20:00+00:00,shortA_longB,0.140592603594551,0.5028825588187162,0.4971174411812838,2295.833397091865,1574.9982946405646,0.218731871,2.2678267599999997,0.203790377,2.13091307,2.3694145256370773,-183.7050618609357,-18.370506186093568,1000.0,100
SDR,LTC_USDT_USDT-POL_USDT_USDT,2025-03-09 21:40:00+00:00,2025-03-10 14:20:00+00:00,2025-03-10 06:00:00+00:00,2025-03-10 14:20:00+00:00,longA_shortB,10.0,0.4436259150670448,0.5563740849329551,5.83283106541708,246.53257081008897,93.629362,0.22152215,87.73877300000001,0.206770675,0.3490433469934573,-31.071134804806782,-3.107113480480678,1000.0,100
SDR,APT_USDT_USDT-UNI_USDT_USDT,2025-03-10 07:10:00+00:00,2025-03-10 23:50:00+00:00,2025-03-10 15:30:00+00:00,2025-03-10 23:50:00+00:00,shortA_longB,0.538782635724038,0.48143930375577304,0.518560696244227,94.7047846596227,153.41929747108674,5.22082203,5.981598099999999,5.44034398,5.877587699999999,0.848727415563788,-37.59570891606094,-3.759570891606094,1000.0,100
SDR,POL_USDT_USDT-XRP_USDT_USDT,2025-03-11 05:05:00+00:00,2025-03-11 21:45:00+00:00,2025-03-11 16:15:00+00:00,2025-03-11 21:45:00+00:00,longA_shortB,0.1,0.5118863438102619,0.4881136561897381,2376.435972247482,2330.578549398315,0.214491447,2.18711869,0.21184118200000002,2.18061804,3.3577517184166736,5.494338646741037,0.5494338646741036,1000.0,66
SDR,ADA_USDT_USDT-NEAR_USDT_USDT,2025-03-11 09:05:00+00:00,2025-03-12 01:45:00+00:00,2025-03-11 23:30:00+00:00,2025-03-12 01:45:00+00:00,shortA_longB,0.12301181183156441,0.5837271043265272,0.4162728956734728,774.5281137570361,1891.2435556190162,0.7299729899999999,2.430243,0.7333733299999999,2.4412441,3.1039714347477205,15.068129118640222,1.506812911864022,1000.0,27
SDR,WLD_USDT_USDT-XLM_USDT_USDT,2025-03-11 23:35:00+00:00,2025-03-12 16:15:00+00:00,2025-03-12 14:50:00+00:00,2025-03-12 16:15:00+00:00,shortA_longB,4.2658139117025335,0.44048662539684125,0.5595133746031586,637.8992555184288,487.0763265249692,0.84168416,0.258405838,0.83928392,0.260766074,0.39754939035424425,2.2831769993233384,0.22831769993233386,1000.0,17
SDR,AVAX_USDT_USDT-TAO_USDT_USDT,2025-03-12 11:35:00+00:00,2025-03-13 04:15:00+00:00,2025-03-12 20:35:00+00:00,2025-03-13 04:15:00+00:00,shortA_longB,0.1,0.4679361211993621,0.5320638788006378,25.0551936050343,18.71074119165746,18.9088907,253.205318,18.9588957,255.275525,3.1388514521804685,34.3433709817571,3.4343370981757095,1000.0,92
SDR,APT_USDT_USDT-POL_USDT_USDT,2025-03-12 18:20:00+00:00,2025-03-13 11:00:00+00:00,2025-03-13 09:20:00+00:00,2025-03-13 11:00:00+00:00,longA_shortB,10.0,0.3543705453163034,0.6456294546836967,124.41008461629895,297.11065079792047,4.97669762,0.208390837,5.00300025,0.208040802,0.40959039951837994,2.9667211510648723,0.2966721151064872,1000.0,20
SDR,AVAX_USDT_USDT-NEAR_USDT_USDT,2025-03-13 09:30:00+00:00,2025-03-14 02:10:00+00:00,2025-03-13 17:50:00+00:00,2025-03-14 02:10:00+00:00,longA_shortB,8.947995109559812,0.42755448940961577,0.5724455105903842,29.969638513930576,23.967999762375356,18.614861299999998,2.6012600999999997,18.6128611,2.6492649,0.3724637894931905,-1.5829880954415656,-0.15829880954415657,1000.0,100
SDR,HBAR_USDT_USDT-XLM_USDT_USDT,2025-03-13 22:55:00+00:00,2025-03-14 15:35:00+00:00,2025-03-14 07:15:00+00:00,2025-03-14 15:35:00+00:00,shortA_longB,0.5058734079285876,0.5296269266009956,0.47037307339900436,2591.369747623985,3576.2679751351716,0.196699668,0.281748172,0.192079206,0.276267624,0.9009251500359834,-8.527508001781012,-0.8527508001781012,1000.0,100
SDR,SOL_USDT_USDT-UNI_USDT_USDT,2025-03-14 12:40:00+00:00,2025-03-15 05:20:00+00:00,2025-03-14 21:00:00+00:00,2025-03-15 05:20:00+00:00,longA_shortB,10.0,0.49109349047306444,0.5089065095269355,3.783934505903395,8.241046637146225,134.06340500000002,6.155615500000001,135.02350099999998,6.1096109,0.3357856594433221,3.6762807780596325,0.36762807780596324,1000.0,100
SDR,HBAR_USDT_USDT-NEAR_USDT_USDT,2025-03-15 14:15:00+00:00,2025-03-16 06:55:00+00:00,2025-03-16 00:30:00+00:00,2025-03-16 06:55:00+00:00,longA_shortB,0.1,0.533149213043727,0.4668507869562731,2746.7266478803836,1981.4638212848376,0.191909189,2.660266,0.18771877,2.5342534,3.4006459473983885,234.77882644555532,23.47788264455553,1000.0,77
SDR,DOT_USDT_USDT-ETC_USDT_USDT,2025-03-16 01:50:00+00:00,2025-03-16 18:30:00+00:00,2025-03-16 12:25:00+00:00,2025-03-16 18:30:00+00:00,shortA_longB,0.16835759413791157,0.5049622344535338,0.49503776554646634,117.44385200333497,170.8495168483867,4.2874286999999995,17.5057504,4.411441099999999,17.8277826,2.117503745695202,38.337048081749295,3.833704808174929,1000.0,73
SDR,POL_USDT_USDT-ZEC_USDT_USDT,2025-03-16 11:45:00+00:00,2025-03-17 04:25:00+00:00,2025-03-16 20:05:00+00:00,2025-03-17 04:25:00+00:00,longA_shortB,0.1,0.5159708256605182,0.4840291743394818,2381.799236747423,152.54705251353772,0.21541153899999999,33.633363,0.219081906,34.053405,3.4080879324721205,-58.742179645179846,-5.874217964517984,1000.0,100
SDR,ONDO_USDT_USDT-TAO_USDT_USDT,2025-03-17 01:20:00+00:00,2025-03-17 18:00:00+00:00,2025-03-17 09:40:00+00:00,2025-03-17 18:00:00+00:00,longA_shortB,0.1,0.5240531376271106,0.47594686237288947,594.9483364884564,20.33927810744551,0.87348734,255.50554799999998,0.84018401,248.28482599999998,3.3798835330831234,123.67062857844085,12.367062857844086,1000.0,100
SDR,ADA_USDT_USDT-XLM_USDT_USDT,2025-03-17 08:20:00+00:00,2025-03-18 01:00:00+00:00,2025-03-17 22:20:00+00:00,2025-03-18 01:00:00+00:00,longA_shortB,2.289548859248773,0.5054246353573858,0.49457536464261426,708.1417997142829,812.7124575211124,0.7030702999999999,0.267566754,0.71117111,0.270917089,0.43173479540634235,2.5819283857681854,0.2581928385768185,1000.0,32
SDR,ADA_USDT_USDT-XRP_USDT_USDT,2025-03-17 21:20:00+00:00,2025-03-18 14:00:00+00:00,2025-03-18 05:40:00+00:00,2025-03-18 14:00:00+00:00,longA_shortB,0.21446559240924823,0.38691764264025713,0.6130823573597429,623.9058149676928,891.2350836773792,0.6841684100000001,2.2332233,0.6932693200000001,2.26092607,1.4594204998000468,-20.470990368347486,-2.047099036834749,1000.0,100
SDR,DOGE_USDT_USDT-ENA_USDT_USDT,2025-03-18 07:40:00+00:00,2025-03-19 00:20:00+00:00,2025-03-18 16:00:00+00:00,2025-03-19 00:20:00+00:00,longA_shortB,0.36988960194941545,0.6672778067306617,0.3327221932693383,3435.8866133050497,4227.744579039534,0.16791678999999998,0.36893689,0.168066805,0.36683668,1.2795192774956012,8.115066695144044,0.8115066695144044,1000.0,100
SDR,DOGE_USDT_USDT-UNI_USDT_USDT,2025-03-18 18:10:00+00:00,2025-03-19 10:50:00+00:00,2025-03-19 02:30:00+00:00,2025-03-19 10:50:00+00:00,longA_shortB,0.1,0.6053452396310314,0.3946547603689685,3473.586265280764,914.2613420737422,0.168756874,6.4116411,0.173867385,6.990699,4.033012910090739,-515.6914648843276,-51.56914648843276,1000.0,100
SDR,ENA_USDT_USDT-HBAR_USDT_USDT,2025-03-18 20:50:00+00:00,2025-03-19 13:30:00+00:00,2025-03-19 11:15:00+00:00,2025-03-19 13:30:00+00:00,longA_shortB,3.7238686899594207,0.37263575168956803,0.627364248310432,1492.0197919963798,793.7681248354784,0.38433842999999995,0.19399939800000002,0.39243924,0.19588958699999998,0.44053473184148706,10.145662341246195,1.0145662341246195,1000.0,27
SDR,HBAR_USDT_USDT-WLD_USDT_USDT,2025-03-19 04:40:00+00:00,2025-03-19 21:20:00+00:00,2025-03-19 16:25:00+00:00,2025-03-19 21:20:00+00:00,longA_shortB,0.1827359195742016,0.4626288544154496,0.5373711455845505,2422.6116649847195,2904.8531585715996,0.195729571,0.8932893199999999,0.192689267,0.87488748,1.82318459106949,44.26598252095971,4.426598252095971,1000.0,59
SDR,AAVE_USDT_USDT-AVAX_USDT_USDT,2025-03-19 22:40:00+00:00,2025-03-20 15:20:00+00:00,2025-03-20 07:00:00+00:00,2025-03-20 15:20:00+00:00,longA_shortB,8.315863833939327,0.37970526092717016,0.6202947390728298,3.3660428964706073,3.7445118163850766,176.607659,19.0909089,177.48774699999998,18.6828681,0.4000034041095511,4.090324153726593,0.40903241537265933,1000.0,100
SDR,BCH_USDT_USDT-ZEC_USDT_USDT,2025-03-21 19:40:00+00:00,2025-03-22 12:20:00+00:00,2025-03-22 04:00:00+00:00,2025-03-22 12:20:00+00:00,shortA_longB,3.0181809451936497,0.8654769300335642,0.13452306996643582,0.9770049816782082,3.4770272165008054,323.882385,30.153015,324.872484,30.993098999999997,0.25393303243867626,1.699730244353578,0.1699730244353578,1000.0,100
SDR,AVAX_USDT_USDT-HBAR_USDT_USDT,2025-03-22 13:05:00+00:00,2025-03-23 05:45:00+00:00,2025-03-23 03:00:00+00:00,2025-03-23 05:45:00+00:00,shortA_longB,10.0,0.39457047983732707,0.6054295201626729,29.785168248925444,318.2247957804146,19.6829681,0.184228421,19.5959594,0.184108409,0.3861430130189999,2.1672349614100312,0.2167234961410031,1000.0,33
SDR,LINK_USDT_USDT-SUI_USDT_USDT,2025-03-22 23:45:00+00:00,2025-03-23 16:25:00+00:00,2025-03-23 08:05:00+00:00,2025-03-23 16:25:00+00:00,longA_shortB,3.8533349824369356,0.5321126646349673,0.46788733536503263,33.43102602801172,54.78573892691724,14.391439,2.27902788,14.6164615,2.31463144,0.3664292690574583,5.205736442301979,0.5205736442301979,1000.0,100
SDR,ENA_USDT_USDT-SUI_USDT_USDT,2025-03-23 10:00:00+00:00,2025-03-24 02:40:00+00:00,2025-03-24 01:25:00+00:00,2025-03-24 02:40:00+00:00,shortA_longB,0.2308226297467355,0.4369271443219069,0.5630728556780932,1155.0987160002244,836.8786421061986,0.39873987,2.3843384100000002,0.39993998999999997,2.40714069,1.4797321811008408,16.216751871178015,1.6216751871178017,1000.0,15
SDR,POL_USDT_USDT-XRP_USDT_USDT,2025-03-23 16:40:00+00:00,2025-03-24 09:20:00+00:00,2025-03-24 06:10:00+00:00,2025-03-24 09:20:00+00:00,longA_shortB,0.15600194152420788,0.4627546757929178,0.5372453242070822,2129.3571717386512,1215.6421558511854,0.222042202,2.4931492900000003,0.220572055,2.47104708,2.093151065925646,21.644759089590327,2.164475908959033,1000.0,38
SDR,ADA_USDT_USDT-XLM_USDT_USDT,2025-03-24 06:10:00+00:00,2025-03-24 22:50:00+00:00,2025-03-24 16:05:00+00:00,2025-03-24 22:50:00+00:00,longA_shortB,2.287082529250213,0.5257988336347287,0.47420116636527126,669.4673810088519,733.5714323889955,0.73177317,0.291999197,0.73557355,0.28984898200000003,0.42275039033168627,3.6988163526010376,0.36988163526010376,1000.0,81
SDR,SOL_USDT_USDT-UNI_USDT_USDT,2025-03-24 17:15:00+00:00,2025-03-25 09:55:00+00:00,2025-03-25 01:35:00+00:00,2025-03-25 09:55:00+00:00,shortA_longB,10.0,0.4721930906472041,0.5278069093527958,3.6796820680641362,7.380667011698822,142.06420500000002,7.0827082,145.334532,7.0097009,0.3484642073648745,-12.921070396693981,-1.292107039669398,1000.0,100
SDR,ETH_USDT_USDT-XRP_USDT_USDT,2025-03-25 13:20:00+00:00,2025-03-26 06:00:00+00:00,2025-03-25 21:40:00+00:00,2025-03-26 06:00:00+00:00,shortA_longB,10.0,0.48343630213368616,0.5165636978663138,0.2493085237459043,20.93272864373401,2059.90597,2.45334531,2031.543134,2.42194217,0.33662586179363296,6.077117502432312,0.6077117502432312,1000.0,100
SDR,LTC_USDT_USDT-SOL_USDT_USDT,2025-03-26 01:15:00+00:00,2025-03-26 17:55:00+00:00,2025-03-26 16:35:00+00:00,2025-03-26 17:55:00+00:00,shortA_longB,0.4872290562150561,0.5032789433207134,0.4967210566792866,5.375822498632993,7.47459004364358,93.219321,137.603759,93.40934,138.583857,0.9203015278274417,5.384020809399752,0.5384020809399752,1000.0,16
SDR,APT_USDT_USDT-SOL_USDT_USDT,2025-03-29 08:15:00+00:00,2025-03-30 00:55:00+00:00,2025-03-29 22:20:00+00:00,2025-03-30 00:55:00+00:00,shortA_longB,0.1,0.48558854543752167,0.5144114545624783,92.64404347985204,39.02158224652569,5.269726919999999,125.11250999999999,5.3365336,125.91259000000001,3.233401033909756,21.79774552322675,2.1797745523226753,1000.0,31
SDR,BTC_USDT_USDT-ZEC_USDT_USDT,2025-03-30 00:10:00+00:00,2025-03-30 16:50:00+00:00,2025-03-30 08:30:00+00:00,2025-03-30 16:50:00+00:00,longA_shortB,10.0,0.6262915297407246,0.37370847025927556,0.004808177671542224,1.0999193108303449,82499.14908999999,36.063606,81616.06078999999,36.923692,0.2608125678663032,-5.4528832143013295,-0.545288321430133,1000.0,100
SDR,DOGE_USDT_USDT-WLD_USDT_USDT,2025-03-30 07:20:00+00:00,2025-03-31 00:00:00+00:00,2025-03-30 23:50:00+00:00,2025-03-31 00:00:00+00:00,shortA_longB,0.2648432707802686,0.5160544213863206,0.48394557861367926,3118.297086606191,2519.588142211079,0.163336332,0.76327632,0.16469646799999998,0.77047704,1.4661991510451013,12.435341450148753,1.2435341450148751,1000.0,2
SDR,APT_USDT_USDT-SOL_USDT_USDT,2025-03-30 20:15:00+00:00,2025-03-31 12:55:00+00:00,2025-03-31 09:40:00+00:00,2025-03-31 12:55:00+00:00,shortA_longB,0.1,0.5414315755001163,0.45856842449988366,101.22782434630277,42.923950892908,5.27422737,124.38243700000001,5.26872682,125.792578,3.541722111998688,57.54390963328535,5.754390963328535,1000.0,39
